text,label
"Greek S01
Kjipare enn ein gresk tragedie. 

Då eg fekk DVD-boksen med Greek: 
Chapter One i hendene, vart eg ikkje lite skeptisk. 
Coveret viser ei god blanding av glatte og nerdete ungdomar; politisk korrekt nok både kvite, afro-amerikanske og asiatiske. 

I tillegg er namnet på serien stava GRΣΣK, noko som irriterer meg kollossalt, fordi bokstaven ""Σ"", Sigma, ikkje uttalast ""E"" men ""S"". 

Manusforfattar og produsent av serien Patrick Sean Smith, som mellom anna står bak Everwood, samarbeider med produsent Lloyd Seagen om serien. 
Sistnemnte kjenner vi frå krimtrillerane The Boondock Saints og The Boondock Saints II: 
All Saints Day. 

Eg var spent på om Greek ville overraske, eller leve opp til min skepsis. 
Etter å ha sett fem minutt av første episode, visste eg at det siste var tilfelle. 
(Denne meldinga er basert på dei fire første episodene av sesong ein.) 

Klisjé 

Møt Rusty Cartwright (Jacob Zachar). 
Ny på Cyprus-Rhodes University, nerd, og eit lett bytte for eigentleg kva som helst. 
Men nerden har eit ess i ermet. 
Systera hans, Casey (Spencer Grammer), er nemleg ei av dei mest populære jentene på universitetet. 
Og ho er sjølvsagt saman med Evan (Jake McDorman), ein av dei heitaste (eventuelt glattaste) gutane på same universitet. 

Greek skiltar med å vere ein dramaserie, men blir berre tragikomisk. 

Høyrest det kjent ut? 
Det er sjølvsagt fordi serien Greek er ein enorm klisjé. 
Sjølv for oss som har vakse opp og studert i Noreg er dette temaet repetert til det langtekkelege, gjennom seriar som Gilmore Girls og Gossip Girl, kryssklippa med filmar som Nerdenes Hevn og American Pie. 

The bad guy vs. the good guy 

Rusty oppdagar raskt at kule Casey, medlem av studentforeininga Zeta Beta Zeta, ikkje har fortalt nokon om sin nerdete bror. 
Han bestemmer seg for å sjølv bli med i ei av studentforeiningane på universitetet, og dermed gå frå ""geek"" til ""greek"". 

Etter å ha teke Evan på fersken med ei anna jente, får han tilbod om å bli med i den prestisjetunge foreininga Omega Chi Delta - mot at han ikkje fortel systera kva han har sett. 
Klassisk problemstilling der den eldre og erfarne lurar den yngre og uerfarne. 

Men Rusty er ein moralsk, ung mann, som veks opp på fjernsynsskjermen; han bankar opp playeren Evan og bestemmer seg for å fortelje systera om utruskapen. 
Syskenkjærleiken mellom dei to ligg altså skjult under overflata, noko som skal trykke på ein del knappar hjå sjåaren, gjerne saman med stemningsfull musikk. 

Intriger og rivalisering 

Casey vel likevel å bli i forholdet med Evan, ikkje utan press frå leiaren i studentforeininga hennar. 
Evan er jo trass alt den kulaste guten på universitetet! 
Basert på dette valet har vi det gåande med meir utruskap, rivalisering og pøbelstrekar. 

Greek har tydelege referansar både til 300 og Braveheart, noko dei godt kunne spart seg. 
Det trekker, om mulig, serien enno meir ned i søla. 
Imponerande nok har dei fått med seg Plain White T's i ei av episodane, det var nok det mest oppsiktsvekkande som skjedde på skjermen i løpet av dei tre timane eg brukte på serien. 

Sexpress 

Greek er laga for ABC Family, men handlar stort sett om sex og alkohol, gjerne vs. utdanning. 
Populære Casey blir regelrett pressa av veninnene sine til å ha sex med Evan igjen etter at han har vore utru, og nerden Rusty blir introdusert for ei frilynt jente som skal hjelpe han å bli kvitt jomfrudomen. 
I kontrast til dette har Rustys nerdete og djupt religiøse romkamerat Dale Kettlewell (Clark Duke) avlagt eid om å vere jomfru til han giftar seg. 

Det å ville vente med sex blir altså totalt uvanleg- og latterleggjort - gode verdiar i ein serie vist på ABC Family. 
Dette prøvar serieskaparane å ta igjen ved å la afro-amerikanske Calvin (Paul James) kome ut av skapet i episode fire, noko både faren hans og kompisen Rusty synest er heilt greitt. 

Patrick Sean Smith og Lloyd Segan om forholdet til ABC Family: 

Gørr 

Greek skiltar med å vere ein dramaserie, men blir berre tragikomisk. 
Eg geispa meg igjennom fire episodar, og blir overraska om nokon i det heile teke orkar å lese heile denne meldinga. 
Eg skal i alle fall ikkje gjere den like langdryg som serien. 
Ifølge imdb.com er det laga tre og planlagt fire sesongar av denne serien! 
Kven er det som orkar å sjå på dette? 
I alle fall ikkje eg. 

Greek er ei ekstremt dårleg blanding av seriane The Big Bang Theory og Gossip Girl. 
Berre mykje mindre intelligent og sexy. 
",0
"Legend of the Seeker S01
Et tamt eventyr som ikke engasjerer. 

Det er alt for langt mellom de gode evetyr-seriene og -filmene. 
Derfor ble jeg veldig glad da jeg fant ut at ABC skulle lage TV av Terry Goodkinds fantasy-serie The Sword of Truth. 

Jeg hadde håpet at Legend of The Seeker kunne være et godt alternativ til de som er sultne på et skikkelig bra eventyr. 
Det håpet gikk fort i tusen knas. 

Må redde verden fra det onde 

Legend of the Seeker foregår i Terry Goodkinds univers. 
Westland og the Midlands er kastet ut i krig mot D'Hara der den onde trollmannen Darken Rahl er hersker. 

Vår helt er Richard Cypher, som får livet sitt totalt forandret etter at faren hans blir brutalt myrdet av Rahl sine tilhengere. 

Richard møter den vakre, men mystiske kvinnen Kahlan Amnell og trollmannen Zeddicus Z'ul Zorander, som overbeviser ham om at han er ""Søkeren"", som er ment å redde verden fra Darken Rahls klør. 
Richard setter derfor ut for å bekjempe den onde trollmannen og for å redde folket fra evig slaveri. 

På veien blir Richard og Kahlan dypt forelsket, men Kahlan bærer på en mørk hemmelighet som gjør at de aldri kan få hverandre. 

Dette er plottet i Legend of The Seeker, men på veien for å bekjempe Darken Rahl møter den lille gruppen selvsagt på en rekke fiender og hindringer. 

Jeg synes at serien fokuserer for mye på disse sidesprangene i historien. 
Resultatet av dette er at vi får mange små historier som ikke engasjerer. 

Serien hadde hevet seg flere hakk om det hadde blitt lagt mer arbeid ned i å gjøre plottet bedre, istedenfor å fokusere på sideplott for å dra serien lenger ut. 

En blanding av Sinbad og Xena 

Er det er mulig å bli underholdt av Legend of The Seeker? 
Svaret er ja. 
Serien er full av velkoreograferte actionsekvenser som er kule å se på. 
Sakte film brukes i overkant mye, men det ser likevel ganske stilig ut. 

Hvis du skal like Legend of the Seeker må du likevel ikke sette så høye krav til kvaliteten på det du ser på. 
For serien er som en blanding av Sinbad Sjøfareren og Xena: Warrior Princess. 

Med tanke på at det er Sam Raimi, produsenten bak Xena og Hercules: The Legendary Journeys som produserer Legend of the Seeker, så er det kanskje ikke så rart! 

Og forstå meg rett, jeg elsket både Xena og Sinbad da jeg var yngre, men er det standarden vi ønsker på tv-serier nå for tiden? 
Tror ikke det! 
Og jada, selvsagt så er ikke spesialeffektene i Legend of the Seeker like horrible som de i Sinbad Sjøfareren, men de er likevel langt under hva man kan forvente seg i dag. 

Hver gang det benyttes magi i serien, som jo er ganske ofte, så er effektene veldig dårlige. 
Det ser falskt og patetisk ut. 

Vakker natur 

Legend of the Seeker produseres i New Zealand, som er kjent for sin vakre natur. 
Dette utnyttes til en viss grad og en del av scenene er spilt inn i flotte omgivelser. 

Likevel så kunne jeg ønske at New Zealands landskap ble brukt mye mer. 
Veldig mange av scenene er nemlig spilt inn i studio med blåskjerm som bakgrunn. 

Det er utrolig frustrerende å se det kunstige lyset som blåskjerm ofte gir, i ansiktet på skuespillerne når de skuer utover en flott utsikt, for eksempel. 
For ikke å snakke om hvor kunstig den konstruerte skogen ser ut! 

Elendig skuespill 

Det verste med Legend of the Seeker er ikke de dårlige spesialeffektene eller den irriterende bruken av blåskjerm. 
Hadde manuset vært bra og skuespillerne gode så kunne jeg sett mellom fingrene på alt dette. 
Det er de imidlertid ikke. 

Dialogen sitter ikke som den skal, og skuespillerprestasjonene er til tider så dårlige at jeg rett og slett blir flau. 

Samtlige av karakterene er overspilte og lite troverdige. 
Jeg er særlig misfornøyd med hovedrolleinnehaver Craig Horner. 
Ofte så er skuespillet hans direkte elendig og dette forbedres ikke akkurat av at manuset også er ganske tarvelig. 

Spesielt synes jeg at forholdet mellom Richard og Kahlan er ekstremt lite troverdig. 
Deres kjærlighet er selve kjernen i historien og handlingen bygger mye på samspillet mellom de to. 
Når dette samspillet er fullstedig blottet for kjemi, er det dermed mye som rakner. 

På grunn av det begredelige skuespillet tror jeg ikke på deres kjærlighet for hverandre, og jeg bryr meg heller ikke om hva som skjer med dem. 

Serien klarer ikke å engasjere meg Richard og Kahlans kamp om å bekjempe Darken Rahl og skape et lykkelig liv sammen. 
Skuespillerne klarer ikke å dra serien opp av gjørma av dårlig manus og spesialeffekter, men graver seg heller lengre ned i dritten. 

Gled deg heller til Game of Thrones 

Jeg har en følelse av at Legend of the Seeker lider på grunn av et lavt budsjett. 
Serien er ikke det spennende eventyret jeg gledet meg til, og mye av grunnen til dette tror jeg bunner ut i lite penger. 

Hvis du har lyst til å se en god eventyrserie foreslår jeg derfor at du venter til HBO kommer med sin serie Game of Thrones. 
Dette eventyrdramaet baserer seg på George R. R. Martins A Song of Ice and Fire. 

Med pengesterke seriemester HBO i ryggen, tror jeg at dette heller er en serie verdt å bruke tiden sin på! 
",0
"Cougar Town S01
Ikke la deg lure: 
Cougar Town er IKKE morsomt. 

Velkommen til Cougar Town! 
En fargesterk og glossy tv-serie der kåte, single, kvinner på 40 sjekker opp muskuløse menn i 20-årene. 

Temaer som opptar disse damene er for eksempel; ”jeg vil arrangere fest i dag, for huden min ser så bra ut” og ""jeg hater deg for at du så på meg mens jeg spiste"". 

Se bra ut 

Å stå på for å se digg ut er det tilbakevendende temaet i Cougar Town. 
Før du kan ha sex for eksempel, da må du ta pedikyr og manikyr. 
Du må nappe øyenbrynene og du må vokse vekk alle uønskede hår. 
Du kan ikke spise den dagen og du må ta minst 100 sit-ups. 

Ja, og da har jeg beskrevet en Cogar Town-episode for deg. 
Morsomt? 
Vel, Courteney Cox ble tidligere i år nominert til en Golden Globe for sin innsats i serien. 
Samtidig måtte serien tåle en massiv seerflukt verden over i løpet av første sesong på tv. 
Jeg sier meg enig med folkejuryen, ikke Golden Globe-juryen. 

Massive klisjéer 

""I would like a credit card just for shoes."" 
Hvem skriver slike klisjévitser? 
Jo, manusforfatterne av Cougar Town. 

Første sesong av Cougar Town starter på badet til den nyskilte 40-åringen Jules Cobb, spilt av Friends-stjerna Courteney Cox. 
Juels sutrer over at kroppen hennes ikke er like stram lenger. 
Hun tar feil. 
Ansiktet er stramt. 
Botox fungerer nemlig sånn. 

Courteney Cox har uttalt til kvinnebladet Marie Claire at hun er fan av Botox, men at ansiktssprøytene gjør det vanskeligere å bevege fjeset. 
I Cougar Town virker det som om Botoxen bokstavelig talt har gått til hodet på henne. 
Hun forsøker kompensere manglende ansiktsmimikk med voldsomme fakter og hvinende fistelstemme. 
Slikt blir det ikke stor humor av. 

Kjipe kvinnfolk 

Klisjeene er gjennomgående i både manus og rollefigurer i Cougar Town. 
Jules har to venninner som støtter henne i alt. 
Når hun for eksempel spytter ut sjokoladen etter tre sekunder for ikke å bli feit, da holder venninnene fram søppelbøtta. 

Venninne og nabo 
Ellie er selv av typen som unngår å smile i fare for å få rynker. 
Jules andre venninne, Laurie, er en festglad tøs som velger klær ut fra om puppene hennes ser bra ut i dem. 

Kjekkasen og tøffelen 

Mennene i serien er vel så endimensjonale som kvinnene. 
Vi har hulemanntypen i form av Jules eksmann som gjør stemmen sin ekstra mørk og forsøker knytte bånd til deres likegyldige tenåringssønn ved å overtale ham til å spise en 30 år gammel ostepop. 
Vi har tøffelmannen i form av naboen Andy, som er fornøyd selv om kona snakker i telefon mens de har sex, for sex er jo digg uansett. 
Og så har vi bareieren Garyson. 
Den klassiske kjekkasen som tar med seg en ny, ung dame hjem hver kveld. 
Jeg savner en mer normal karakter som kunne ha vært en motvekt til klisjeene. 

Så hvem burde kjøpe Cougar Town som nå er sluppet på dvd? 
Vel, hvis du er ute etter å se noe uoriginalt, tanketomt tøv ispedd et par muskuløse menn i bar overkropp, da kan Cougar Town fungere som en solfylt virkelighetsflukt. 
Men ikke la en falmet Friends-stjerne med en Golden Globe-nominasjon lure deg til å tro at Cougar Town vil få deg til å le. 

Jeg sier sier om direktøren for den australske tv-kanalen Seven, som etter å ha vist første episode av serien innrømmet at; ""OK, Cougar Town is a shit show"". 
",0
"1066: The Battle for Middle Earth
Langdryg historietime. 

1066 var et strabasiøst år for engelskmennene. 
Fra nord kom vikingene og fra sør kom normannerne - begge gruppene med ambisjoner om å gjøre den fruktbare øya til sin egen. 
Miniserien 1066 forteller historien om høsten fra helvete på en informativ, men sjukt kjedelig måte. 

Lavere budsjett er ingen unnskyldning for å lage skolefjernsyn fra åttitallet. 

For å ha sagt det med en gang: 
Jeg elsker historiske drama. 
Konseptet med å bli underholdt samtidig som man lærer et og annet er knall - to fluer i en smekk. 
Men i motsetning til serier som Tudors og Rome har 1066 nøyd seg med den minst viktige av fluene - den som lærer deg noe. 

I rettferdighetens navn har vel BBC-produkjsonen 1066 hatt et ganske annet budsjett å forholde seg til enn de to nevnte - og ekstremt påkosta - seriene. 
Men det er ingen unnskyldning for å lage skolefjernsyn fra åttitallet. 
Dialog trenger for eksempel ikke å koste så voldsomt mye. 
Ikke karakterutvikling heller. 

Utgangspunktet for serien lover godt. 
1066 var et viktig år, både for engelsk og europeisk historie. 
Hendelsene har likevel ikke blitt dramatisert i hjel, noe som gir BBC sjansen til å sette standarden for hvordan denne historien kan fortelles. 
Den sjansen glapp, gitt. 

For selv om idéen med å følge to bønder som må ta sverdene fatt istedet for å fokusere på konger og hærførere er god, får vi aldri mulighet til å bli kjent med karakterene. 
Det hele virker mer som en amatørteatertrupp som skal dramatisere favorittslagene sine, og sper på med litt improvisert handling innimellom. 

Den eneste personen som fester seg er Ian Holm (Bilbo i Ringenes Herre), og det er fordi han er den alltid tilstedeværende fortellerstemmen som konsekvent forteller hva som kommer til å skje før det har skjedd. 

De halvhjerta forsøkene på å få oss til å bli interessert i hovedrollekarakterene Tofi og Leofric faller kjapt og nådeløst til jorda. 
Bihistoriene er rett og slett ikke fengende nok, og man må konsentrere seg om det historiske aspektet for i det hele tatt å orke å følge med. 
Skuespillerne kan strengt tatt ikke klandres. 
De blir gitt minimalt med spillerom, og leverer forsåvidt greit nok med tanke på forutsetningene. 

LES: 
Vakker krimserie fra BBC med tredagersskjegg: 
Wallander 

Alt annet enn episk 

1066 forteller historien om de engelske bøndene som måtte plukke opp våpen for å krige mot overmakta, først i form av tilsynelatende uovervinnelige vikinger, så grusomme normannere. 
Det er en David mot Goliat-historie der Goliat som kjent vinner til slutt. 
Men ikke uten opptil flere kamper. 

Vi blir tatt med på to slag som er etsa inn i historiebøkene - det ved Stamford Bridge (ikke Chelseas hjemmebane, men ei faktisk bro oppe i nord), og det ved Hastings. 

Slagscenene er helt streite, om enn noe nedskalert. 
Tett og subjektiv kameraføring, inn og ut av fokus, utstrakt bruk av slow motion, mye blod og gørr. 
Slaget ved Stamford Bridge involverte i virkeligheten rundt 25 000 mann - i 1066 ser det ut som om de var 50 mot 50. 
I slaget ved Hastings har de huka inn litt fler statister, uten å helt oppnå den episke vibben som loves bort på coveret. 

Bildene som sådan er noe ujevne. 
Det veksler mellom det vakre og det kjedelige - og ved en anledning har de tatt i bruk night vision for å forsterke inntrykket av nattlig sniking. 
Akkurat den idéen skulle de gått noen flere runder på før de realiserte. 

Les: 
Godt spilt - dårlig skrevet: 
Ashes to Ashes S02 

Gå for Wiki 

For Tolkien-fans som lurer på om tittelen er en LOTR-ripoff: 
Middle Earth var navnet gjengen her brukte på den verden som lå mellom himmel og helvete - altså jorda de levde på. 

Det lærte jeg av å se 1066. 
Jeg lærte i det hele tatt litt om 1066 - om Harald Harråde, Vilhelm Erobreren og Harold II. 
Jeg følte meg tidvis idiotisk stolt over vikingenes overlegne mot, og knisa lett av datidens militære strategier. 
Men ble jeg underholdt - nei, strengt tatt ikke. 

Sugen på å se historiske episke drama i TV-serieform? 
Se nevnte Tudors eller Rome. 
Er du villig til å ofre det episke aspektet og samtidig nærme deg nåtiden litt? 
Se Deadwood. 

Lyst til å lære mer om slagene ved Stamford Bridge og Hastings? 
Da anbefaler jeg Wikipedia. 
",0
"Heroes s04
Folka bak Heroes mangler åpenbart evnen til å gi seg mens leken er god. 

Å ha et godt konsept er en viktig suksessfaktor når man skal lage en TV-serie. 
Problemene oppstår når det gode konseptet gjør at man glemmer å gjøre resten av jobben skikkelig, noe som blir pinlig synlig i fjerde og siste sesong av Heroes. 

...vi får følelsen av at det står en gjeng mildt uinspirerte manusforfattere på tomgang bak. 

Siste klipp i siste episode blir etterfulgt av en plakat som sier “to be continued”. 
Sånn ville det seg ikke. 
NBC har endelig tatt til vettet og kansellert serien som kunne blitt huska som en underholdende og morsom affære hvis kanselleringa bare hadde skjedd tre år tidligere. 

Men det måtte flere år med kontinuerlig synkende seertall og manuskvalitet til for at kanalen skulle fatte at nok virkelig var nok. 

Les: 
Anbefales for for deg som ikke er en nærtagende disneyelskende jødisk hvalaktivist: 
South Park S13 

Slitsomt superheltliv 

Heroes handler om mennesker med hver sin superkraft. 
De kan for eksempel fly, lege seg selv, kontrollere tanker, kaste ild, bli til vann, bevege seg kjappere en lyset, reise i tid, se fremtida og duplisere seg selv. 

Men hvis du tror livet som superhelt er enkelt tar du feil, det er nemlig en endeløs rekke av traurige prøvelser i skyggen av en potensiell apokalypse. 

Innledningsvis i sesongen ser vi at flere av heltene våre forsøker å leve normale liv. 
Claire begynner på college, Peter jobber som ambulansesykepleier, Matt har gått tilbake til politijobben, og Hiro har overtatt sin avdøde fars firma. 
Håper jeg ikke ødelegger spenninga for noen ved å avsløre at normaliteten raskt slår sprekker. 

Det er nemlig ikke alle som er interesserte i å bruke kreftene sine til fellesskapets beste. 
Enkelte vil heller ha verdensherredømme, ødelegge Jorda eller spre så mye faenskap som de overhodet klarer. 
Noe som er ekstremt irriterende for de lovlydige superheltene, som i forskjellig grad føler ansvar for å beskytte menneskeheten mot sine mer ufine artsfrender. 

Repetitivt og uinspirert 

I avslutningssesongen blir vi introdusert for et mystisk tivoli som utelukkende består av personer med superkrefter. 
Tivoliet ledes av Samuel Sullivan (Robert Knepper - T-bag fra Prison Break) som fyller rollen som hovedskurk. 
Knepper er lagd for å spille slem, og gjør det som vanlig med stil. 
Karakteren hans sliter derimot litt med manglende fokus, det virker ikke som om skaperne av serien helt har bestemt seg for hvem han skal være og hvorfor han gjør det han gjør. 

Tivolivrien gir en god del fine bilder, men ellers har den lite å by på. 
Kampene mot de forskjellige firmaene og regjeringa i tidligere sesonger har gitt plottet en nerve som tivoliet ikke er i nærheten av å matche - konflikten er hverken tydelig eller interessant nok. 

I det hele tatt er avslutningssesongen rett og slett kjedelig, vi får følelsen av at det står en gjeng mildt uinspirerte manusforfattere på tomgang bak. 
Jeg synes førstesesongen var forholdsvis underholdende, men det er grenser for hvor mange ganger man kan gjenta seg selv før folk får nok. 

Heroes er et skoleeksempel på at TV-selskaper bør kjenne besøkelsestida si og ikke alltid pøse på med mange sesonger selv om de har muligheten. 
Særlig når de viser så liten vilje til å fornye seg at det føles som om vi ser den samme sesongen om og om igjen - litt dårligere for hver gang. 

Les: 
Det er heldigvis disse som er framtida: 
Konger av Oslo 

Godt vs. ondt 

Sesong fire har fått tittelen Redemption - frelse på godt norsk. 
Temaet manifesterer seg først og fremst gjennom superskurken Sylars higen etter å bli et bedre menneske, men flere av de andre karakterene motiveres også av ønsket om å gjøre opp for seg på en eller annen måte. 

I tillegg står den evige kampen mellom det gode og det onde fortsatt sentralt. 
Én ting skal Heroes ha, serien nyanserer både skurker og helter forholdsvis godt. 
Ingen er bare slemme, og svært få er utelukkende gode. 

Serien bidrar likevel ikke med spesielt mange innovative innspill på temaet, og fortellerstemmen gjør at det rett som det er bikker over i det kvasifilosofiske. 

Logiske brister til besvær 

Det er naturlig å sammenligne Heroes med Lost, en sammenligning sistnevnte kommer best utav. 
Riktignok hadde Lost også hatt godt av å ha trimma antallet sesonger noe, men serien var uansett langt mer dynamisk og helhetlig. 

Enda viktigere er det at Lost hadde karakterer jeg brydde meg om. 
Det mangler Heroes. 
Det er ikke nødvendigvis skuespillerne sin feil, de gjør stort sett helt streit innsats - dog uten at noen imponerer voldsomt. 
De fleste rollefigurene mangler likevel det lille ekstra som gjør dem til gode grunner for å følge med på serien i seg selv. 

I tillegg har serien en endeløs rekke av logiske brister som er egna til å irritere. 
Jeg skjønner at tunga må plasseres rett i munnen når man jobber med manus til en serie med såpass mange speisa elementer, men man bør uansett kunne forvente færre grove feil enn det vi faktisk får servert. 

Et eksempel: 
Når Hiro reiser tilbake i tid treffer han stadig vekk yngre versjoner av seg selv. 
Men - når han bare forflytter seg med få minutter tar den tidsreisende Hiro bare over plassen til den marginalt yngre varianten. 
Jeg fatter ikke at ingen har tipsa de som har skrevet dette om at det ikke henger på greip. 

Én sesong med Heroes er nok 

Det er litt trist å se serier som blir dårligere og dårligere bare fordi TV-selskapene sliter med å avslutte mens leken ennå er god. 
Av og til, for ikke å si ofte, er det nemlig smart å slutte etter en sesong eller to. 

Se gjerne på Heroes, men se for all del første sesong. 
Har du lyst på mer etter det foreslår jeg at du tenker deg om en gang til. 
Det er dessverre ikke verdt tidsbruken. 

Så kan vi heller krysse fingrene for at NBC får superkraften selvinnsikt etter hvert. 
",0
"Castle S02
Kroneksemplet på et unødvendig kulturprodukt 

Hver uke samler Castle rundt 10 millioner seere bare i USA. 
Og 10 millioner mennesker kan vel ikke ta feil? 

Joda, selvfølgelig kan de det. 
10 millioner mennesker tar ofte og til tider voldsomt feil, det har historien vist oss gjentatte ganger - nå er det altså Castle-seerene sin tur til å bekrefte akkurat det. 

Gjenbruk av gamle konsepter med den lille vrien ""gjøre alt markant dårligere"" skal man være litt mer forsiktig med. 

Ny dritt - gammel setting 

Premisset i Castle er som følger: 
Storsjarmøren Rick Castle er en suksessfull krimforfatter som alltid har en ""vittig"" replikk på lur. 
Han følger politietterforskeren Kate Beckett på jobb, og bygger hovedpersonen i den nye boka si på henne. 

Sammen løser de to - som i utgangspunktet er forskjellige som natt og dag - saker så det står etter, og tror du sannelig ikke det sniker seg inn en liten romansevibb også? 

Frister dette? 
Hvis svaret er ""nei"" kan du bare slutte å lese. 
Min misjon med denne anmeldelsa er å forhindre folk fra å bruke tid på Castle uten å være forberedt på hva de går til. 
Er svaret ""ja""? 
Fortsett å les. 

Det er ikke lurt å gjøre alt dårlig 

Gjenbruk av gamle konsepter er helt streit. 
Gjenbruk av gamle konsepter med den lille vrien ""gjøre alt markant dårligere"" skal man være litt mer forsiktig med. 
Dessverre har Castle valgt den siste varianten. 

Når det gjelder mordmysteriene som blir presentert har serien kombinert mangel på originalitet med mangel på troverdighet på en måte man rett og slett ikke skulle tro var mulig. 
Det er nesten litt imponerende at manusforfatterne har lagt lista så lavt og kommet unna med det. 

Episodedramaturgien er standard: 
Mistenk tre-fire stykker feilaktig først - fakk skurken på slutten. 
Helt greit, hadde det ikke vært for at man veldig ofte skjønner med en gang hvem som faktisk har gjort det, og for at politiarbeidet som leder fram til løsninga med få unntak er blotta for logikk og kompetanse. 

NYPD - de inkompetentes arbeidsplass 

Castle redder stadig vekk NYPDs ære, og det er ikke fordi han er så sjukt smart - det er fordi politiet er idioter. 
De blir strengt tatt ikke framstilt som det, og det er slett ikke noe poeng i serien, de har bare nedregulert en hel politistabs kunnskap sånn at det skal være plausibelt at Castle kommer på løsninga først. 

Et eksempel: 
NYPD står bom fast i en sak, og håper at fingeravtrykk på en hanske som morderen har brukt skal lede dem på rett vei. 
Sorgen er stor da hansken kommer tilbake uten avtrykk - men Castle vet råd! 
Han tipser krimteknikerne om å sjekke innsida av hansken, der finner de avtrykket, og vips er saken løst. 

For ikke å snakke om seansen der Castle løser mordet på en kjent sangerinne ved å lytte intenst til teksten på hennes siste låt - den er så idiotisk at det ikke hadde vært noe å si på at serien hadde blitt tatt av lufta umiddelbart etterpå. 

Jeg skjønner at dette ikke akkurat skal være noen dokumentarserie, men det må da gå an å etterstrebe et ørlite snev av realisme. 

Castle promoteres som drama-komedie. 
Jeg skal ikke krangle på drama-biten (selv om jeg kunne gjort det òg), men bruken av ordet komedie aksepterer jeg altså ikke uten videre. 

Morsomhetene som serveres er nemlig så umorsomme og forutsigbare at jeg får lyst til å reise meg i sofaen og brøle ""DETTE TELLER FAEN IKKE SOM HUMOR"". 

Du har de klassiske sorte komikommentarene som kommer når man finner et lik, den småfrekke verbalsparringa mellom hovedpersonene, og den blotte tilstedeværelsen til et par gjennomkarikerte bifigurer - alt er like gjennomført krampaktig og krisedårlig. 

Tips: 
Det er ikke noe morsomt når hver eneste spøk føles som et kjipt og flaut déjà vu. 
For å forhindre dette kan man lage en og annen ny spøk - det er ikke verre enn det. 

Kjipe bifigurer 

Det er ikke først og fremst skuespillerne sin feil at Castle har klart å bli en så ufattelig uinteressant serie. 
Nathan Fillion (kjent fra Firefly og Pizzagjengen) løser vel rollen som Rick Castle omtrent som forventa, han kan ikke få skylda for manuset. 

Det kan ikke Stana Katic som spiller Kate Beckett heller. 
Samspillet de to imellom er flatt, og jeg bryr meg overhodet ikke om hvordan det går med dem, men tror uansett at det er rammeverket de har å forholde seg til sin feil. 

Bifigurene slipper derimot ikke like lett unna. 
Susan Sullivan er helt forferdelig i rollen som Castles anmassende og alltid forsøksvis morsomme skuespillermor, mens Becketts hjelpere Esposito og Ryan stadig vekk prøver seg på spøker som ikke egentlig er ordentlige spøker, bare vanlige setninger sagt på en spøkefull måte. 

Ikke velg Castle 

Jeg innrømmer at jeg bare så de 8 første episodene av sesongen før jeg tok tastaturet fatt - jeg orka ikke mer. 
Så hvis de siste 16 episodene innebærer en voldsom nivåheving ber jeg serieskaperne om unnskyldning. 
Men jeg tror vel ikke det er tilfellet. 

De siste tiåra har veien fra idé til ferdig serie/film/plate blitt både bredere og kortere, av flere årsaker - noe som har ført til enormt mye god musikk, film og TV. 

Trist nok er sverdet tveegga, og bunnivået har sannsynligvis fått enda større bredde enn toppnivået. 
Castle er kroneksempelet på et totalt unødvendig kulturprodukt, og dessverre minst like representativt for samtida som Sopranos, The Wire og Six Feet Under. 

Dette er uansett ikke noe problem hvis man bare har litt is i magen når man velger hvordan man skal underholdes, og velger med omhu. 
Jeg har prøvd å gjøre mitt for å hjelpe. 
Ikke velg Castle. 
",0
"The Event S01
Fortelles så rotete at eventet forsvinner. 

Jeg var spent på hypen når det pumpet mot meg: 
Hva er egentlig eventet??? 
Hendelsen det ble lagt opp til så stilig, verdensomfattende og nåtildags ut. 

Og jeg holdt pusten for at det skulle bli besettende. 

- Hva f@€n er det jeg bruker tida mi på?? 

Bet på hypen 

Jeg la opp til min egen skuffelse og bet på hypen, vil jeg si i ettertid. 
Har du, som meg, tatt deg selv i å se på Viasat 4 en sen mandagskveld og tenke: 
- Hva f@€n er det jeg bruker tida mi på?? 

Noe har vært skjult i 66 år 

Jeg vil ikke avsløre for mye for deg som tenker å sette deg ned med denne serien i høst, men dette kan jeg si: 
The Event er en sci-fi invasjonsserie som spenner sin handling fra slutten av andre verdenskrig og frem til i dag. 

Den amerikanske regjeringen har holdt noe skjult i 66 år når den sittende presidenten setter i gang prosessen med å avdekke det som har vært skjult. 

Det høres kjempespennende ut når jeg skriver det på den måten, og det er en dårlig miks av rotete historiefortelling, flatt skuespill og kjedelig fotografering som kommer i veien for spenningen på skjermen. 

Rotete eller kompleks? 

The Event hopper så innmari frem og tilbake i tid og rom at hensikten forsvinner for meg - er poenget at jeg skal bli forvirret eller er historien så kompleks at dette er nødvendig? 
Svaret på det siste er nei. 

Historien er helt grei. 
Jeg har lest den parallelt på wiki, og der lar den seg fortelle i korte og nette avsnitt. 
Trekk for rotete fortelling. 

Sci-fi-skuespillet 

Skuespillerne i hovedrollene er ikke i besittelse av følelsene en god skuespiller i en sci-fi mysterieserie må utstråle: blodpumpende redsel, overveldelse og innbitt overlevelse. 

Skuespillerne slipper aldri guarden og lar seg påvirke i noen særlig grad av trusselen, og dermed tror jeg heller ikke på at noe står på spill. 

Dessuten får de heller aldri sjansen til å vise meg noe særlig annet enn det flate, pene uttrykket som ofte ser mot meg mellom artiklene i glansete magasiner. 
Sistnevnte er regissørenes feil, så trekk for både skuespill og regi. 

Trekk for både skuespill og regi. 

Klarer seg ikke i kampen mot andre serier 

Den tekniske gjenomføringen av The Event - fargene, fotograferingen, spesialeffektene - ser ok ut, men klarer seg ikke i kampen mot andre serier som gir meg visuelle inntrykk verdt å samle på. 

Resultatet er at jeg husker en hel del folk i grå, mørkegrå og lysegrå kjoler og dresser som løp rundt og var grå i trynet. 

Om ikke akkurat trekk for det tekniske, så i alle fall ikke pluss heller. 

Lesverdig edder og galle 

Vel, jeg liker ikke å spre edder og galle om det å se en tv-serie, men jeg håper i det minste jeg har gjort det på en lesverdig måte. 

The Event ble kansellert på NBC før sommeren og om SyFy kommer til å syndikere den, eksisterer det bare løse rykter om. 

Se deg opp på Fringe i stedet, du. 
Sesong 4 har USA-premiere 23.september, og hvis du begynner med sesong én nå, kan jeg garantere deg mye god TV i høstmørket. 

The Event er i salg fra 24.8.2011, og anmeldelsen er basert på 17 av 22 episoder. 
",0
"Supernatural: The Anime Series S01
Skaper forvirring i stedet for fengende overnaturlig horror-anime. 

Under årets Comic-Con i San Diego så jeg de to første episodene av Supernatural: The Anime Series, og etter den første visningen på Comic-Cons åpningskveld skrev jeg: 

- Supernatural: The Anime Series vakte latter i salen på grunn av sin overdrevent dramatiske dubbing og overraskende kule avslutningsmusikk. 
En klassisk animeserie med mye stillstand og mørke, apokalyptiske bilder. 
Ikke noen publikumsfavoritt og heller ikke noe jeg kommer til å bruke mye tid på. 

Japansk anime møter amerikansk midtvest. 

Uengasjerende 

Nå har jeg sett litt mer enn bare de første to, og jeg finner fortsatt ikke mye grunn til å bruke tiden på Supernatural: The Anime Series (eller STAS da, som jeg heretter forkorter til). 

Jeg føler nemlig ikke noe engasjement for hverken figurene eller historien serien forsøker å fortelle meg. 

Den komiske effekten dubbingen og musikken i serien har, forsvinner etterhvert. 
Serien er såpass mørk og dyster at den ufrivillige komikken drukner. 

TOPP 5: Opprinnelser 
- En fabelaktig anime-sekvens! 

Kulturene møtes i hvert fall 

STAS kan beskrives som japansk anime møter amerikansk midtvest. 
Serien bruker bandet Kansas' klassiker 'Carry On Wayward Son' som avslutning på hver episode og handlingen foregår mye langs landeveien i en '67 Impala. 

Sesong én av animeserien samler de sentrale elementene fra de to første sesongene av opprinnelsesserien Supernatural, men elementene blir kvernet gjennom det japanske animestudioet Madhouse (Ninja Scroll) og kulturene møtes ikke helt på midten. 

Eller kanskje det er nettopp dét de gjør? 

Taper kampen mot internett 

STAS gir meg følelsen av å se på et ganske stort lerret med få variasjoner i. 
Fargene som går igjen er blå, grå, blågrå og gråblå. 
Når det blir action kommer små eksplosjoner av fosfor, rosa og gult. 

Min oppmerksomhet trekkes mot andre ting i stua og jeg merker at STAS taper kampen mot surfing på internett. 

Historiene i STAS fører meg ikke alltid noen vei, og jeg aner at en manusforfatter har sittet der og kokt ihop bi-historier for å fylle opp kravet om 22 episoder. 

Noen episoder følger en slags rød tråd, men den overgripende historien om Sam og Dean Winchester, faren deres og hele sulamitten behandles ikke som noe særlig annet enn en kjip forhistorie de gangene serien sneier innom. 

Hva skådisene 'digger' 

Før hver episode forteller Jared Padalecki (Sam) og Jensen Ackles (Dean) meg hva de digger med den kommende episoden og om det er noe spesielt jeg må legge merke til. 
Disse gutta er skuespillere av yrke, og jeg tror egentlig ikke på et ord av det de sier før episodene. 

I stedet for fenging: forvirring! 

Jeg tror ikke dette er et dårlig produkt sett fra japansk side, jeg tror heller problemet oppstår når noe som er så amerikansk blir animert av erke-japanere og vurdert av en USA-kåt nordmann. 

De kulturelle forskjellene og forventningene braser sammen og skaper forvirring i stedet for fengende overnaturlig horror-anime. 

Jeg kunne godt tenkt meg å ha en slik anime å følge med på, men slik det ser ut nå må jeg nøye meg med å se rare ting på youtube. 

Supernatural: The Anime Series er i salg fra og med i dag, 14.9.2011. 

Har du en animefavoritt, kanskje? 
Tips oss og alle andre i kommentarfeltet! 
",0
"Banshee S01
Hr. 
Hovedrolle, du må gjerne dø for min del 

Figurene vi møter i tv-serier har blitt såpass virkelighetsnære, spennende og varierte, at man skulle tro at enhver serieskaper tok seg tid til å se på noen av disse som inspirasjon når man lagde en ny tv-serie. 

At hovedrollen i Banshee ikke ser ut til å være annet enn en grunn drittsekk uten formildende eller attraktive trekk virker derfor utrolig rart. 

En slem rollefigur som samtidig kan være en man heier på, må begynne å bli et såpass etablert element i tv-serier at det snart er noe man kan ta studiepoeng i på diverse humanistiske fakulteter. 
Jeg begynner derfor å lure på om skaperne av Banshee har sovet seg gjennom 10 år med tv-serier og figur-utvikling, og gått glipp av hvor mye seere elsker menn som Tony Soprano, Dexter, Al Swearengen eller Eric Northman, for Lucas Hood er definitivt ikke en mann av samme kaliber. 

Hvorfor, Lucas? 

Seriens hovedperson (Antony Starr) sniker seg inn i småbyen Banshee for å oppsøke ekskjæresten som han tidligere utførte et diamanttyveri sammen med, et tyveri som gav ham 15 år i fengsel. 
Han oppdager at diamantene er borte og kjæresten har gått videre uten ham, og stjeler derfor identiteten til byens nye sheriff som dør etter et barslagsmål, for å finne ut om det egentlig er noe for ham i Banshee, og for å fortsette jakten på byttet etter diamanttyveriet. 

I løpet av de to første episodene virker det derimot som om han blir i byen for å spionere på ekskjæresten mens han får utløp for et brusende behov for slåssing og skyting. 
Man oppfatter ikke Lucas som en fyr som gjemmer seg når han er redd, heller ikke som usikker eller bortkommen, men det er vanskelig å vite. 
Han kommuniserer egentlig ikke så mye, og det er jo litt dumt når du er en hovedperson i en tv-serie. 

Slemmingen og tøffingen 

Gjennom de to første episodene blir vi også introdusert for følgende bukett av biroller. 

- Ekskjæresten Carrie ser ikke ut som om hun er en dag over tredve, noe som gjør det vanskelig for meg å tro på at hun var en mestertyv for 15 år siden. 
Hun spilles av Ivana Milicevic som jeg stort sett kjenner igjen fra rollene som pen dame/modell/russisk pen dame/russisk modell. 
Hennes tilstedeværelse gir meg ikke frysninger, men er heller ikke så stiv eller umenneskelig at man kan holde det mot serien. 

- Deva, dattera til ekskjæresten, 15 år, opprørsk og typisk rusglad tenåring som kommer til å rote seg borti masse farlig som Lucas må redde henne fra. 

- Kai Proctor, slem forretningsmann som eier hele Banshee, men som liker seg best i slakteriet sitt (skummelt slakteri) eller i villaen sin hvor han har slemme hunder som biter de dumme pøblene hans. 
Han har også horer som står klare til å suge ham når han kommer hjem sånn at vi kan studere jesus-tatoveringa han har på ryggen. 
Hvor er den høyryggede lenestolen og den hvite katta? 

- Sugar Bates, tidligere bokser og nå bar-eier. 
En av de få som vet at Lucas er en lurendreier (Token black guy-alarm). 

- Siobhan Kelly, politi og kollega til Lucas. 
Veldig tøff, blir introdusert ved at hun moser fjeset til en junkie i et bord mens hun roper ""shut up!"". 

- Job, Lucas' ""fixer guy"", en transe-aktig og motegal frisør som egentlig er superhacker og mestertyv-hjelper. 

Ingen av disse figurene er spennende, ingen trigger nysgjerrigheten eller empatien hos seeren, og de står kun igjen som et oppkok av forventede personlighetstrekk ved de ulike rollene de skal fylle. 

Hva har du gjort her, Alan Ball? 

Plottet, i den grad det finnes, dras i stykker av en rekke hendelser som bidrar mer til å få Lucas til å virke som en skyteglad idiot enn å skape spenning og nysgjerrighet som drar oss videre i historien. 
Jeg skjønner ikke hva som skal være spennende her, og det hjelper ikke å dra på med sex og vold, noe HBOs søsterkanal Cinemax tydeligvis har ment skal være en viktig ingrediens i serien. 

Skuespillerprestasjonene i serien er ikke utprega ille, og både Anthony Starr (Lucas) og Frankie Faison (Sugar) gjør så godt de kan med det lille de har fått å spille på. 

Det som kanskje irriterer meg mest med serien er hvordan den selges inn som at den er ""laget av True Blood-skaperen"". 

Manusforfatterne David Schickler og Jonathan Tropper har hverken skapt eller skrevet True Blood. 
Det har derimot Alan Ball, som er kreditert som ""executive producer"", en rolle som gir rom for både nærgående detaljstyring og distansert kontraktskriving. 
I dette tilfellet tipper jeg Ball har gjort sistnevnte. 
Det er lite i Banshee som får meg til å tenke på de mesterlige dialogene i Six Feet Under eller de kuriøse og elskverdige figurene fra Bon Temps i True Blood. 

Det skal sies at denne anmeldelsen er basert på de to første episodene i serien. 
Det kan ta seg opp, eller det kan fortsette å være like uoriginalt og kjedelig som de to første episodene. 
Gi gjerne lyd fra dere i kommentarfeltet om noen ser fortsettelsen. 
Det kommer ikke jeg til å gjøre. 
",0
"The Neighbors S01 E01-04
Det beste med denne serien er dørhåndtakene, som ikke utpeker seg i noen som helst grad. 

Med dramafilmen/den mørke komedien The Room i 2003 inntok regissør, manusforfatter, produsent, finansiør og hovedrolleinnehaver Tommy Wiseau posisjonen som en av filmhistoriens mest merkverdige personligheter. 

The Room var nemlig en helt ufattelig dårlig film. 
En film så elendig at du ikke hadde klart å lage noe så udugelig om du så prøvde. 
Men samtidig hadde den noen mystiske kvaliteter, og var så latterlig dårlig at den ble kjempemorsom. 
Dette, kombinert med at Wiseau til den dag i dag insisterer på at den er det største mesterverket som noensinne er laget, og det faktum at Wiseau brukte hele sin tvilsomt tilegnede formue på prosjektet, har gjort The Room til en kulthit. 

Spenningen var derfor stor da det ble klart at Tommy Wiseau jobbet på en ny situasjonskomedie. 
Dessverre vil alt fra The Rooms blodfans til folk som aldri har sett levende bilder før, bli skuffa. 

Som en kavalkade av dårlige pornofilmintroer 

Daglig leder Charlie (Tommy Wiseau) og elskeren/sekretæren Bebe (Gretel Roenfeldt) driver leilighetskomplekset Glasgow Apartments. 
Det vil si at de sitter på kontoret sitt og snakker i walkie talkier mens leietakere kommer inn for å klage på at folk er utro med hverandre eller for å låne penger til å kjøpe is. 

Hver scene fra dette kontoret prøver å avslutte med, for av og til klarer de ikke å klippe seg ut i tide, punchlinen ""What a day"". 
Det er tydelig at Tommy Wiseau har tenkt at dette skal bli en ikonisk replikk, på linje med gullkornene ""What a story, Mark"" og ""You are tearing me apart, Lisa"" fra The Room, men det funker ikke i det hele tatt og blir i lengden like kleint som ""That's my Bush""-punchlinen fra sitcomfadesen med samme navn. 

At Wiseau prøver å gjenskape ""suksessen"" fra The Room i The Neighbors er overtydelig gjennomgående. 
Men den store forskjellen, som gjør at serien ikke funker i det hele tatt, er at han denne gangen faktisk prøver han å være morsom. 
I The Room var det helt uintensjonert. 

Å lide seg gjennom en episode av The Neighbors er som å se en spilleliste med det første minuttet av dårlige amatørpornofilmer som prøver å ha en story. 
Men hvor slike filmer redder seg inn med sex, prøver The Neighbors seg på en punchline for så å klippe til et etableringsbilde av leilighetskomplekset det hele utspiller seg i; etterfulgt av en ny scene over samme lest. 

Tidvise glimt av wiseausk absurdisme 

Av og til kan man skimte av det som gjorde Tommy Wiseaus epos The Room så fantastisk. 
Som når dialoger snubler, viktige plottpoeng plutselig dukker opp for så å være glemt i neste scene, og den meningsløse vektleggingen på å kaste ball hele tiden. 
Men dette blir bare glimt av hva serien kunne ha vært og drukner fort i platte rollefigurer som skriker så høytalerne dine begynner å sprake mens kameraet løper rundt en sofa på jakt etter en høne. 

I den andre delen av spekteret finnes innslag av lite gjennomtenkte filosofiske krumspring som kanskje skal være en form for samfunnskritikk. 
Som når den ene av Tommys karakter (han spiller selvfølgelig flere roller journ. anm.), Charlie, prøver seg på samfunnskritiske sleivspark som ""It's America, [kunstpause] you can fire and hire!""; eller mer underfundige replikker som ""You don't have to write it down. 
It's not ObamaCare, okaaaay?"". 

Også har du noen dramaturgiske og klippetekniske valg som er så stikk i strid med alt mulig annet som noensinne har blitt gjort i en tv-serie. 
Som når ""i neste episode""-teaseren begynner fem minutter før episoden er avsluttet, og kryssklippes med sluttscenen så vi både får konklusjonen på dagens eskapader og hva som vil vente oss neste gang samtidig. 

På dette tidspunktet i seeropplevelsen sitter jeg vantro og lurer på om dette skal være en form for dadaistisk kritikk av tv-serier som fortellermedium, eller om de ikke har sett over episoden før de eksportere den fra redigeringsprogrammet. 

Ikke godt nok for pus 

Et uinteressant plot ledsaget av elendig manus, dårlig regi og talentløse skuespillere er ikke nødvendigvis en total katastrofe. 
Det kan fremdeles være mulig å se på, eller i det minste å ha på i bakgrunnen så katten din ikke skal føle seg ensom når du er borte på langtur. 
Men i tillegg til dette preges The Neighbors av et så slett teknisk håndtverk at det er fysisk vanskelig og mentalt slitsomt å se og høre på. 

Dårlig og vinglete kameraføring, bråkete og sprengt lydopptak, til og med redigerings- og etterarbeidet er så gebrekkelig utført at det hadde gjort enhver film eller tv-serie useelig. 
Når materialet i utgangspunktet er så tarvelig at det aldri burde blitt rettet et kamera mot det, blir summen det dårligste som noensinne har blitt distribuert av en profesjonell aktør (Hulu). 

Greit nok at du rollebesetter tv-serien din med tilfeldige folk du ser på gata. 
Men du bør i det minste sørge for at stakkaren du setter til å klippe sammen rælet ditt har sett et redigeringsprogram før. 

Det som fungerer best i denne serier er dørhåndtakene, som ikke utpeker seg i noen som helst grad. 

Udugelig søppel 

Jeg elsker situasjonskomedier og har kosa meg gjennom et dusin runder med The Room. 
Sånn sett burde jeg være midt i den utrolig smale målgruppa serien henvender seg til. 

Og jeg skulle så gjerne ha likt det. 
Jeg hadde så inderlig håpa at det, lik sin spillefilmstorebror, skulle være så dårlig at det ble bra. 
Men basert på de fire første episodene kan jeg konstantere at dette er kun helt udugelig søppel, og en slitsom og forferdelig seeropplevelse. 

Jeg hadde aldri i verden sett mer enn de ti første minuttene med mindre jeg fikk betalt for det, og fraråder denne serien på det sterkeste. 
Jeg vet det er en klisjé å si det, men dette er faktisk to timer du aldri får tilbake. 

Serien er ikke tilrettelagt for det norske markedet. 
Vi har sett den på strømmetjenesten Hulu. 
",0
"Rome S02
Toppen innen tv-drama akkurat nå! 

Den andre og siste sesongen av Rome er ute på DVD i Norge. 
Om du så sesong 1, vet du at du har noe stort i vente. 

Har du aldri sett Rome før, stikk ut og kjøp begge sesongene. 

Dette er nemlig en av verdens beste tv-serier, og etter å ha sett de fire første episodene av sesong 2, konstaterer jeg at kvaliteten ser ut til å holde seg på et nesten overraskende høyt nivå! 

Enda mørkere 

Sesong 2 starter nøyaktig der sesong 1 sluttet. 
Julius Cæsar ligger myrdet i Senatet og Lucius Vorenus hulker over liket av Neobie. 

Så blir historien enda mørkere. 
Marcus Antonius tar over styringen av Roma, men utfordres fra uventet hold. 

Og Lucius Vorenus blir rammet av nok en tragedie som sender ham ut på et selvdestruktivt spor og setter vennskapet med Titus Pullo i fare. 

Interessant utvikling 

Etter førstesesongens klimaks var jeg usikker på hvordan historien skulle ta oss med videre, men det tar ikke lang tid før sesong 2s nøkkelfigurer posisjonerer seg. 

Den første episoden tar for seg etterdønningene fra sesong 1, mens episode 2 gjør det klart mellom hvem slagene kommer til å stå. 

Spesielt unge Octavians utvikling er interessant, feiden mellom Atia og Servilia flammer opp og Lucius Vorenus, som var en av heltene i sesong 1, blir en gradvis mørkere figur. 
Er det en ting Rome ikke blir, så er det kjedelig! 

Spennende konflikter 

Alt som gjorde Rome så bra i den første sesongen er videreført. 
De spennende konfliktene, intrigene, det gode skuespillet og de ekstravagante kostymene og kulissene. 

Serien er spilt inn i Cinecitta Studios i utkanten av Roma, men følelsen av et filmsett får jeg aldri. 
I stedet får jeg inntrykk av å befinne meg midt i en by med trange gater og et sydende folkeliv. 

Serien er regissert av noen de samme folka som sto bak The Sopranos, Six Feet Under og Carnivale, og er altså hentet fra øverste hylle! 

God DVD-presentasjon 

DVD-utgivelsen av Rome sesong 2 har like god innpakning og presentasjon som sesong 1, men har i tillegg Dolby 5.1 lyd, som sesong 1 ikke hadde, så verden går fremover! 

Serien avsluttes etter sesong 2, og det er kanskje smart å gi seg mens man er på topp. 

Rome er virkelig nær toppen innen tv-drama akkurat nå! 
",1
"Twin Peaks - definitive gold box edition
Gull for Twin Peaks-fans! 

Tv-serien Twin Peaks, skapt av David Lynch og Mark Frost, trollbandt publikum på starten av 1990-tallet. 
Nå er begge sesongene samlet på DVD i en såkalt ”definitive gold box edition” som viser at serien ikke har mistet noe av appellen. 

Det eneste som egentlig røper alderen, er at serien ikke er i widescreen, og at flere av skuespillerne fremdeles er unge og vakre. 
17 år etter premieren har de falmet, som mennesker gjør, men Twin Peaks sikrer dem evig liv. 

Mørke hemmeligheter 

Serien handler om et mordmysterium i den lille byen Twin Peaks, et sted langs USAs grense til Canada. 
Unge, vakre Laura Palmer blir funnet drept, og FBI-etterforsker Dale Cooper kommer til byen for å oppklare saken. 

Her blir han betatt av det tilsynelatende enkle livet i den lille byen mellom den endeløse skogen og de høye fjellene. 
Men han oppdager også at byen skjuler mørke, farlige hemmeligheter. 

Udiskutabel klassiker 

Twin Peaks holder seg overraskende godt. 
Historien glir nok litt ut i det absurde i sesong 2, mens sesong 1 er en udiskutabel klassiker. 
Serien kjører en tilnærmet tidløs stil som idoliserer 50-talls-looken som David Lynch også dyrket i filmen ”Wild at heart” fra samme periode. 

Handlingen er fremdeles mørk og truende, samtidig som den har en merkelig form for humor, som regel fortalt gjennom Dale Cooper, glimrende spilt av en opplagt Kyle MacLachlan. 

Merkelige figurer 

Twin Peaks har et omfattende galleri av merkelige figurer. 
Men de er klart definerte, og spenner over et vidt spekter, fra søte Donna, til mystiske Log Lady til yppige Audrey Horn. 
Fra følsomme James til sleipe Bobby til farlige Leo. 

Det at David Lynch sto bak, fikk mange filmskuespillere til å våge seg inn i den lille tv-ruta. 
Det er ikke uvanlig nå, men i 1990 kunne det rett og slett være en karriere-dødare å gå fra kino til tv. 
Twin Peaks var rett og slett kino på tv og en banebryter for dagens tv-serier. 

Glimrende ekstrastoff 

Twin Peaks - definitive gold box edition inneholder piloten og de to sesongene av serien, som også har vært utgitt enkeltvis tidligere. 
Men nå er bildet glimrende restaurert og den originale stereolyden remixet i Dolby 5.1, oversett og overhørt av David Lynch selv. 

DVD-boksen imponerer også med rikelig ekstrastoff produsert av Charles De Lauzirika. 
Høydepunktet er den to timer lange og detaljerte dokumentaren ”Secrets from another place: creating Twin Peaks. 

Denne DVD-boksen er virkelig gull for Twin Peaks-fans! 
",1
"The Wire (sesong 1-4)
The Wire vil gjøre deg avhengig, men på en god måte. 

I neste uke kommer sesong 5 av tv-serien ”The Wire” på DVD. 
2008 har for meg vært sterkt preget av denne serien. 

Hjemme hos oss begynte vi med sesong 1 i vår. 
Da hadde jeg i lengre tid hørt panegyriske lovord om serien fra både venner og media. 
Vi ble også fanget av skildringene av purk og skurk i Baltimore, og pløyde oss igjennom alt til og med sesong 4 på sensommeren. 

Jeg vil ikke gå så langt som å kalle det ”verdens beste serie”, som noen har gjort, men det er ingen tvil om at dette er noe av det bedre som er blitt vist på tv! 

Avansert avlytting 

Serien forteller om en gruppe politietterforskere som samles for å bekjempe den økende narkohandelen i Baltimore med avanserte avlyttingsmetoder. 
Fokuset rettes mot ”spillet”, både mellom de kriminelle gjengene og mellom makteliten i politiet og byens politikere. 

Handlingen utspiller seg altså både på toppen og bunnen av den sosiale rangstigen, og det interessante er at spillet utkjempes omtrent på samme måte begge steder. 

Realistisk preg 

Det som gjør ”The Wire” spesiell er følelsen av autensitet. 
En av skaperne, Ed Burns, er gammel politimann, og kjenner gatene serien utspiller seg i. 
Dialogen er sterkt preget av slanguttrykk, som heldigvis er dyktig oversatt på DVD. 

Noen av figurene i ”The Wire” spilles av gamle kriminelle, politimenn og politikere fra Baltimore. 
Og alle scener spilles inn i byen. 
Alt er med på å gi serien et realistisk preg som forsterker historiene den forteller. 

Fargerike figurer 

Serien forteller fascinerende historier med sterke personligheter og spennende konflikter. 
Det merkes nok i blant at manusforfatterne sliter med å få alt til å sitte ordentlig. 
Noen tråder virker en anelse konstruerte. 
Ikke alle figurene fremstår som fullstendig troverdige. 

Men i en serie med så mange personer som ”The Wire” vil det være uunngåelig at ikke alt og alle holder like høy standard. 
90 % av serien er solid så det holder! 
Og du må hele tiden bare se en episode til for å se hvordan det går med McNulty, Bunk, Prez, Kima, Omar, Stringer Bell, Prop Joe, Marlo og alle de andre morsomme, skumle, fargerike og forskjellige figurene. 

4:3 vs 16:9 

Rent teknisk er serien førsteklasses, bortsett fra det merkelige faktum at den fremdeles filmes i gammeldags 4:3-format, ikke 16:9 widescreen. 
Arbeidet med sesong 1 ble påbegynt i 2001, før 16:9 ble standard, og de har holdt på 4:3-formatet for å ikke endre seriens utseende. 

Men de burde byttet format. 
En annen HBO-serie, ”Six Feet Under”, byttet fra 4:3 til 16:9 før sesong 3, uten at dette gjorde noen som helst skade. 

Mange kvaliteter 

”The Wire” er uansett en serie man må se. 
Den vil gjøre deg avhengig, men på en god måte. 
Her er det så mange kvaliteter å sette pris på, både når det gjelder realismen, figurene, skuespillet og historiene som viser at man beveger seg i gråsoner både på rett og vrang side av loven. 

Onsdag 24. september kommer sesong 5 av ”The Wire” på DVD. 
Og det er ikke en dag for tidlig. 
Det går i mot en herlig høst med ”The Wire” i heimen! 

NB! 
""The Wire"" vises også søndager på NRK3 og onsdager på NRK1. 
",1
"Mad Men (sesong 1)
Stilig, underholdende og sofistikert! 

Tv-serien Mad Men har tatt USA med storm. 
Den første sesongen vant plenty med priser, og nå kan du selv se hvorfor på DVD. 
Det er en stilig og underholdende serie lagt til New Yorks sofistikerte reklamemiljø på Madison Avenue i 1960. 

Den har interessante personligheter og intriger, og en dynamikk mellom menn og kvinner som virker fremmed for oss i dag. 

De fleste vil sitte og riste på hodet av den ekstreme mannssjåvinismen, men samtidig er det fryktelig fascinerende å følge med på det! 

Smoking og brennevin 

Seriens hovedperson er Donald Draper (Jon Hamm). 
Han er en av de beste tekstforfatterne i reklamefirmaet Sterling Cooper, en glamorøs arbeidsplass der smoking er uniform og konsum av brunt brennevin er en naturlig del av jobben. 

Her må Draper stadig prestere sitt ytterste for å forsvare sin posisjon mot de yngre kreftene, spesielt Pete (Vincent Kartheiser). 

Det finnes også utfordringer på hjemmebane, der kona Betty (January Jones) har vansker med å takle hverdagen som husmor anno 1960, mens Don er ute hos sin elskerinne eller på fylla med kollegaene. 

Selger falsk lykke 

Jon Hamm spiller glimrende i en velskrevet rolle, og er et godt midtpunkt. 
Donald Draper fremstår som et mysterium. 
Han er vennlig og sjarmerende, men samtidig svært forsiktig med å gi av seg selv. 

Gjennom sesong 1 får vi noen tilbakeblikk fra hans ulykkelige barndom. 
Kanskje er det derfor han har blitt reklamemann og selger falsk lykke? 
Hamm er omgitt av et sterkt ensemble av skuespillere, som også har gode roller å bryne seg på. 

Gammeldags kvinnesyn 

Det som vil more og/eller provosere flest i ”Mad Men” er kvinnesynet serien skildrer. 
Her er mannen den absolutte sjefen, og kvinnen er til for å tjene mannen. 
Seriens kvinner er inneforstått med det, men er samtidig oppmerksomme på den kraften og innflytelsen de kan ha på menn. 
Det finnes kvinner i serien som bruker menns kvinnesyn til egen fordel. 

Samtidig er det interessant å se hvordan noen av kontorets menn sliter med å takle de harde verdiene som råder i miljøet, blant annet unge og usikre Pete, og tegneren Salvatore Romano (Bryan Batt) som åpenbart er godt gjemt inni skapet sitt. 

Velskrevet og gjennomtenkt 

Serien er svært elegant filmet. 
Vi får ingen store oversiktsbilder av New York anno 1960, noe som er kostbart å få til, men de små filmsettene er fylt med stilige kulisser, møbler, kunst og arkitektur som oser av 1960. 
Også manuset i serien er velskrevet og gjennomtenkt, med mange små og store tråder som hver og en er interessant. 

Det eneste skåret i gleden er egentlig at ”Mad Men” foreløpig ikke er utgitt på Blu-ray i Norge. 
Men bortsett fra dette er ”Mad Men” en serie jeg glatt anbefaler 
",1
"Mad Men (sesong 2)
TV-underholdning av høyeste kvalitet! 

Den første sesongen av tv-serien Mad Men imponerte meg med interessante figurer og intriger, satt i et elegant miljø anno 1962. 
Mad Men sesong 2 er fremdeles tv-underholdning av høyeste kvalitet! 

Sesong 2 starter der sesong 1 slapp, og forteller mer om hendelser i og rundt reklamebyrået Sterling Cooper på Madison Avenue i New York. 

I denne sesongen får flere figurer lov til å utvide sine horisonter, og vi oppdager stadig nye og spennende sider ved både sjefer og ansatte i firmaet. 

Bedre kjent med figurene 

Seriens senter er sjefen for kreativ avdeling, Donald Draper (Jon Hamm), som i sesong 2 kommer på kant med sine sjefer på grunn av håndteringen av en spesiell kunde. 

Samtidig følger vi ham på hjemmebane, der barna kommer mer i fokus, samtidig som vi følger kona Betty Draper (January Jones) i drift utenfor huset. 

Dessuten får vi se Peggy Olson (Elisabeth Moss) på hjemmebane, og vi blir bedre kjent med Paul Kinsey (Michael Gladis) og Harry Crane (Rich Sommer), som var mindre viktige figurer i sesong 1. 
Der ble vi kjent med dem. 
Nå får vi anledning til å bry oss om dem. 

Interessant ""gubbevelde"" 

Det kan fremdeles være vanskelig for noen kvinnelige seere å takle kvinnens underdanige rolle i det mannsdominerte samfunnet som serien skildrer. 
En kollega av meg sluttet å se serien, fordi hun ble sur på det hun kaller ”gubbeveldet”. 

Jeg synes nettopp dette gubbeveldet er noe som gir serien ekstra appell. 
Ikke fordi jeg ønsker meg tilbake til kvinnerollen anno 1962, men fordi det er interessant å se motstykket til dagens rødstrømpefeminister, og se den uvante dynamikken mellom menn og kvinner med datidens kvinnesyn. 

Best i HD! 

Mad Men sesong 2 kommer ut på både Blu-ray og DVD, og HD-versjonen av serien er selvsagt å foretrekke. 
Kulissene, kostymene og fargebruken kommer virkelig til sin rett, filmet som om det skulle være filmet i 1962. 

Denne anmeldelsen er basert på de fire første episodene av sesong 2, og jeg må si jeg gleder meg stort til de neste 9, og så er det bare å vente på sesong 3! Mad Men har garantert mer å fortelle 
",1
"Nurse Jackie S01
- Vanvittig god serie, mener Torfinn! 

Nurse Jackie er en skarp, kul og veldig artig serie som vil møte de fleste i døra som sykehusserie. 
Lignende elementer finnes i Green Wing, men samtidig nei, den serien kan en ikke ta på alvor. 
Og doktor House er for mye av en folkefiende. 
Nurse Jackie kan en ta på alvor som sykehusserie på samme måte som en kan ta Six Feet Under på alvor som begravelsesbyråserie. 

Jackie er medisinavhengig, utro, sykepleier i verdensklasse og tobarnsmor 

Edie Falco spiller Jackie, og gjør det så steike bra som Jackie at jeg er helt med på hennes greie, som er medisinavhengighet og utroskap kombinert med å briljere som sykepleier og være en god mor og ei herlig kone. 
For å sette det på spissen. 

Jackie er alt 

Dette er essensen i Nurse Jackie; Jackie er en balanserende figur, på kanten av både fine og jævlige ting, og Edie Falco er så helstøpt og kul at min sympati for Jackie er der umiddelbart. 
Helt vanvittig godt gjort. 
Denne serien hadde ikke vært noen ting uten henne. 

Fantastiske Zoey 

De andre sykehusfigurene er sterke de også, og det kalles solid casting når såpass mange kan etableres såpass tidlig i en serie. 
Merrit Wever som spiller Zoey Barkow for eksempel, er helt rå. 
Maken til hysterisk elegant manisk hjelpsom sykepleierlærling må en til virkeligheten for å finne. 
Og sykehuset alt foregår på, All Saint's-sykehuset i New York, er en fantastisk kulisse. 
I motsetning til de hvite og grønne sykehusene vi ser i hver eneste standardiserte sykehusserie, er All Saint's alt mellom Von Triers Riket og Princetonuniversitetet vi ser i pilotepisoden av House. 

For å oppsummere Nurse Jackies budskap: det går an å være hekta og samtidig greie seg helt fint. 
Nesten bedre enn vanlig. 
Og det er det nok mange som vil kjenne seg igjen i og kose seg med. 

På NRK1 torsdager 22:30, reprise NRK3 mandager 23:05. 

Anmeldelsen er basert på sesong 1, sesong 2 er i ferd med å avsluttes på Showtime i disse dager og sesong tre er bestilt. 
",1
"En velutstyrt mann
Ukas yrker: mannehore og damehallik. 

En velutstyrt mann, eller Hung, som den heter på originalspråket, er en HBO-produsert serie som gir mannehorene og kuken og det konstante seksuelle behovet i samfunnet den oppmerksomheten disse fortjener. 

Det kvinnelige mysterie 

Ray Decker, spilt av Thomas Jane, står brått midt i en for mange kjent situasjon; skilsmisse, distanserte unger, problemer på jobb og et stort lån. 
En tap/tap/tap/tap-situasjon. 
Ray melder seg på et ""bli millionær på 1-2-3""-kurs. 
Her møter Ray Tanya Skagle, spilt av Jane Adams, en strevende poet. 
Ray og Tanya møtes og krefter slås sammen: 
Ray har nemlig en over snittet stor kuk og Tanya vet hva en kvinne vil ha. 
Dette er premisset for serien, og det er her moroa begynner. 

Det klønete mestermøtet mellom Ray og Tanya fører til søte og artige øyeblikk; herlige replikker vi aldri har hørt sagt før; 

What kind of pimp are you now? 

En velutstyrt mann er en original ide for en serie, fører en et rett-på-sak-strategi med fine figurer og flinke skuespillere. 
Den sterke ""hovedpersonens tanker""-teknikken som kom med Frustrerte Fruer er dessverre fortsatt til stede, men den ødelegger ikke så mye. 

Jeg liker å se mannehora og damehalliken diskutere pr-strategier og seksuelle stillinger. 
Og jeg mistenker at serien er lagd for å indirekte lære menn hva damer liker før, i, og etter senga, selv om det garantert er en urealistisk fremstilling av en mannehores liv. 
Urealistiske ting har som regel stor underholdningsverdi. 

En velustyrt mann er en fornøyelig serie om puling og hvor teknisk og profittdrevet pulinga kan bli. 
Og så er hver episode passe lang; 28 minutter. 
Akkurat nok. 
En velutstyrt mann er ikke en inngående analyse av det nye amerikanske samfunnet etter finanskrisa, men et stilig overfladisk blikk på den gode typen prostitusjon og kreativ forretningsdrift. 

Hung sesong én er ute på DVD nå. 
",1
"Riket
Skandinavias største kultserie. 
På NRK. 

Når NRK nå viser Lars von Triers Riket, igjen, er det fordi dette er et fantastisk stykke tv-serie som kan måles mot hva som helst i inn- og utland. 
von Trier kom kanskje rett fra en omfattende burlesquefestival et sted i Frankrike når han satte seg ned for å skrive Riket; uansett lagde han et popkulturelt fenomen som vises i maratonsendinger over hele verden for svorne fans. 

Et elendig byggeprosjekt 

Historiene i Riket er mange, og de veves inn i hverandre og inngår i den større enheten som er Riket, selve bygningen Riket; Rikshospitalet i København. 
Som introen til tv-serien alltid forteller, ligger Rikshospitalet i København oppå det som før var en gravplass, og alle vet jo at det er vanvittig dumt å bygge noe oppå en gammel gravplass. 
Så en kan si at danskene ba om det. 

Ingen vet hvor uhyggen kommer fra. 
Kanskje ikke engang von Trier selv. 

Tilfeldighetenes kunst 

Riket vekker en hel rekke følelser i den som ser på, mest av alt kanskje fordi det er vanskelig å sette fingeren på hva det er von Trier vil med oss som ser på; skremme oss? gjøre narr av sitt eget land? vise annerledeshet? få oss til å le? 
Serien hører i alle fall sammen med Twin Peaks i typen serier som barn forbinder med det å bli sendt i seng. 
Og det kan jeg forstå, siden Riket er uforklarlig, på den måten at ingen vet hvor uhyggen og mystikken kommer fra. 
Kanskje ikke von Trier selv en gang. 

Nittitallskvaliteten på Riket både når det kommer til bildekvalitet og fortellerstil, gir serien en helt egen posisjon blant den stadig økende kvalitetshevingen ellers på markedet. 
Når jeg ser det i dag, får jeg hjemmevideofølelsen; dette er det noen som har opplevd. 
Riket ser iblant ut som en tv-dokumentar på grunn av von Triers forkjærlighet for ustødig kamerabruk. 

Den berømte tredje sesongen 

Von Trier skrev opprinnelig manus for en tredje sesong, men produksjonen av denne ble aldri tatt tak i av DR. 
Og siden Rikets mest fornøyelige skuespiller; Ernst-Hugo Järegård, som spilte Doktor Helmer, døde i 1998 og opptil flere andre av skuespillerne fra sesong én og to har dødd i mellomtiden, er en endelig avslutning forsvinnende liten. 
Manuset for sesong tre ble visstnok oversendt Stephen King for mulig bruk i hans engelske versjon Kingdom Hospital, men ble aldri brukt der heller. 

For dere ekstremfans: 
Richard Dooling som skrev og produserte Kingdom Hospital har forresten gitt ut boka The Journals of Eleanor Druse, som tar for seg historien før serien kommer inn i bildet. 

Oppdatering 28.mai: Lars von Trier er for tiden travelt opptatt med sin neste film Melancholia, og gir ingen intervjuer. 
Mine spørsmål om Riket og eventuelle andre von Trier-prosjekter vil besvares av von Trier ved ledig høve. 
Har du et spørsmål, vær vennlig å skriv det i kommentarfeltet, og jeg skal sende det sammen med mine egne 
",1
"In Treatment S02
Opplev psykoterapi uten å forlate sofaen. 

Jeg har akkurat sett de første fire episodene i sesong 2 av In Treatment, og den er kort, velfortalt og interessant. 
I 35 episoder skal vi følge psykoterapaut Paul Weston, og oppspillet bør være såpass bra som dette skal vi orke å henge med. 

22 minutter er tv-seriens gylne snitt 

Det funker fordi episodene er 22 minutter lange, fordi Westons pasienter er interessante og sympatiske, og på grunn av det konstante menneskelige mysteriet. 

22 minutter er tv-seriens gylne snitt. 
Det må det være. 
22 minutter gir meg følelsen av å ha tid, og det holder min rastløse konsentrasjon akkurat lenge nok til at jeg får med meg slutten. 

Et folk i terapi 

Westons pasienter er så varierte som folk kan bli, med eneste fellesnevner at de alle er amerikanere. 
Og i USA er vel psykologen mer anvendt enn fastlegen. 
Amerikanere er folk som er vant til sofaprat, de kan skille en god psykolog fra en dårlig, og de ligger iblant langt foran psykologen i å stille sin egen diagnose. 
I alle fall er det dét de tror selv. 

Thriller i huet 

In Treatments kanskje største styrke er mysteriet: det som holder oss fast til krimserien. 
Alle pasientene som kommer inn, bærer på et underliggende problem som Weston skal finne. 
Og jeg er i kappløp med Weston om å finne ut hva problemet er. 
Små frø sås idet pasienten kommer inn i rommet; enkelte ting gjentas ekstra mye; tiden er ofte kort og jeg blir merkelig engasjert fordi det finnes jo ingen kriminell handling, bare låste tankemønstre. 

Gamle triks og nye triks 

In Treatment bruker fortsatt det gamle trikset ""psykologen går til psykologen"", slik som Melfi gjorde i Sopranos. 
Det gir jo en ekstra dimensjon til serien, men oppleves mest som en unnskyldning for å presentere Weston like godt som pasientene. 

Det mest spennende trikset i denne sesongen, er ""psykologen går til advokaten"". 

Weston er nemlig saksøkt for noen-og-tjue millioner av de etterlatte etter en soldat som tok livet sitt etter å ha avsluttet behandlingen hos Weston. 
Når terapi og søksmål møtes, blir Westons rolle en litt annen. 

Nesten virkelig 

I tillegg hvisker en liten psykologfugl meg i øret at dette er ""the real deal""; Westons terapi er det nærmeste en tv-serie har kommet psykoterapi i det virkelige liv til nå. 

In Treatment sesong to er ute på DVD nå. 
",1
"Tidenes beste krigsserie
Gjensyn med Generation Kill på NRK3 

Birger Vestmo husker også ""med glede serien NAM, som gikk på slutten av åttitallet"", og det kan godt hende NAM totalt sett er kvassere enn Generation Kill, men akkurat her og nå, i dag, er Generation Kill det beste som er av krigsserier som skildrer krigen slik den foregår i dag. 
Sier jeg. 

Lignende har kanskje ikke skjedd siden Kampen om tungtvannet. 

Krig før og nå 

Generation Kill representerer nåtiden. 
Her er unge menn som har vokst opp med filmene som jeg og du har vokst opp med, og som med store forventninger havner i krigen selv. 
Bare for å oppdage at krigen på film er noe helt annet enn krigen i Irak. 
Forskjellen her skyldes ikke bare Hollywood. 
Det handler også om måten dagens kriger foregår på. 

Kampen om tungtvannet: sin tids Generation Kill? 

Alexander Skarsgård står i spissen for et stort ensemble med relativt nye fjes for de fleste, og felles for samtlige, er at de gjør jobben knallbra. 

Siden serien foregår i en såpass nær fortid (invasjonen av Irak i 2003), består castet også av tidligere soldater, blant annet Jon Huertas, som var med i operasjon Desert Storm på nittitallet og Rudy Reyes som spiller seg selv i serien(!!). 

Lignende har kanskje ikke skjedd siden Kampen om tungtvannet, der flere av de som faktisk var med i aksjonen spilte seg selv i filmen. 

Sentralt i serien står maktesløshet, venting og skitprat. 
Kjente saker for alle som har vært i militæret, og naturligvis også sentrale ingredienser i krig. 

Sympatiske fyrer og håpløse bolere 

Generation 
Kill er filmet håndholdt som en dokumentar, strippet for annen musikk enn den soldatene selv synger og muntlig skrevet. 
En suksessoppskrift. 

Lagt sammen blir dette en roadserie med motordur, sambandsprat og figurer vi både kunne og IKKE kunne vært kompiser og kjærester med. 
Og en hyllest til vår generasjon som er helt på kornet. 

Les også: 
Martes gjennomgang av krigsserier og -filmer: http://p3.no/krig-er-god-underholdning/ 

Generation Kill går på NRK3 tirsdager 22.20, og episodene ligger i nett-tv i 14 dager etter sendetid på tv. 
God fornøyelse! 
",1
